Index,N.Processes,N.Characters,Time,
1,4,135802,0.139004,
2,4,135802,0.129374,
3,1,543209,0.211743,
4,1,543209,0.188489,
5,1,543209,0.188691,
