Index,N.Processes,N.Threads,N.Characters,Chars Per Block,Read File,Get Char Frequencies,Merge Char Frequencies,Sort Char Frequencies,Create Huffman Tree,Get Encoding from Tree,Encode Single Text,Merge Encoded Texts,Write Encoded Text,Compression Ratio,
1,2,2,271604,125,0.009763479233,0.009314060211,0.0008778572083,0.0002136230469,3.218650818e-05,0.0001471042633,0.05175161362,0.00186419487,0.03524494171,57.94638824,
2,2,4,271604,125,0.006784677505,0.005312681198,0.0005218982697,0.0002315044403,3.385543823e-05,0.0001471042633,0.05167341232,0.001729726791,0.03189992905,57.94638824,
3,2,6,271604,125,0.01067018509,0.003684520721,0.002764940262,0.0003898143768,5.197525024e-05,0.0001559257507,0.05242729187,0.001071929932,0.04146981239,57.94638824,
4,2,8,271604,125,0.00713801384,0.00315618515,0.004372119904,0.0003952980042,3.218650818e-05,0.0001592636108,0.0519464016,0.001931190491,0.04690003395,57.94638824,
5,2,10,271604,125,0.005171775818,0.002655506134,0.008096694946,0.0003683567047,3.170967102e-05,0.0001616477966,0.0519964695,0.002502202988,0.03628182411,57.94638824,
6,2,12,271604,125,0.01399445534,0.002264022827,0.004977464676,0.0004365444183,3.31401825e-05,0.0001575946808,0.05194425583,0.002431154251,0.03348350525,57.94638824,
7,2,14,271604,125,0.005973815918,0.002299547195,0.005108118057,0.0004658699036,3.099441528e-05,0.0001609325409,0.05193281174,0.003073692322,0.03091335297,57.94638824,
8,2,16,271604,125,0.004410505295,0.002150297165,0.007247447968,0.0004329681396,3.218650818e-05,0.0001535415649,0.051882267,0.002443313599,0.0430457592,57.94638824,
