Index,N.Processes,N.Threads,N.Characters,Time,
1,2,2,28630,0.1838424206,
2,4,2,14315,0.1580951214,
3,6,2,9543,0.04569339752,
4,10,2,5726,0.1984419823,
5,12,2,4771,0.1077868938,
6,14,2,4090,0.1399328709,
7,16,2,3578,0.1901068687,
8,2,2,28630,0.007660627365,
9,4,2,14315,0.2321751118,
10,6,2,9543,0.1197645664,
11,8,2,7157,0.2858645916,
12,10,2,5726,0.07253289223,
13,12,2,4771,0.2133014202,
14,14,2,4090,0.2996840477,
15,16,2,3578,0.07024860382,
