Index,N.Processes,N.Characters,Time,
1,4,14317,0.052051,
2,4,14317,0.048366,
3,4,14317,0.049958,
4,4,14317,0.045796,
5,17,3368,0.066048,
6,17,3368,0.076414,
7,17,3368,0.085837,
8,17,3368,0.088675,
